,J,Params
0,1.0,"[0.004, 10.0]"
1,1.011768946729209,"[0.004234491465838824, 10.04258470156561]"
2,1.0126992469018417,"[0.004272091604331929, 10.181037383318634]"
3,1.028726576641589,"[0.004623226090893719, 10.074457388556368]"
4,1.03314086138333,"[0.004741029415162812, 10.309776102740955]"
5,1.0023952372483094,"[0.004057659084759494, 10.359239135026632]"
6,1.0305822361014916,"[0.004690048162439604, 10.539779066517772]"
7,1.0475008168587059,"[0.005151807165333146, 10.557297866688135]"
8,1.0494689614628425,"[0.005220027914132291, 10.085985308652871]"
9,1.0468723268668387,"[0.005151807165333146, 10.78336234938601]"
10,0.9987160152504021,"[0.004, 10.612595766373367]"
11,1.0236468320420087,"[0.0045456861562103035, 10.870203081732699]"
12,1.0005680542646145,"[0.004, 9.805873023404953]"
13,1.0006480727877536,"[0.004, 9.624975662283573]"
14,1.0414394984480457,"[0.004995871730860175, 9.782049741907217]"
15,1.0485349213789732,"[0.005216103618312541, 9.59031300311022]"
16,1.0066649211565049,"[0.004114071146081205, 9.405811545823203]"
17,1.0412210744227035,"[0.004995871730860175, 11.06689231785981]"
18,0.9989737566610041,"[0.004031592985949981, 10.93069552597626]"
19,1.0610831496379698,"[0.005619116378206653, 10.871309411088207]"
20,1.0039787568105678,"[0.004068345566214637, 9.219123482524557]"
21,1.000650273947259,"[0.004, 9.031716606297127]"
22,0.9959427736818036,"[0.004, 11.131182643113021]"
23,1.041106918512478,"[0.005017170002441984, 11.296747052670376]"
24,1.0263028500449305,"[0.004593020963556232, 9.150592927189367]"
25,1.0380944680545967,"[0.004919309946727776, 8.991845307670784]"
26,1.0161451227186151,"[0.004347979131512364, 8.860004725929109]"
27,0.9950793849354442,"[0.004, 11.294632875161927]"
28,1.0008308531038448,"[0.004, 8.748645923543801]"
29,0.9938344573471639,"[0.004, 11.452550168863366]"
30,1.0427496257074156,"[0.005080639814767559, 11.531758954477759]"
31,1.0106863384326645,"[0.004310740265882642, 11.68086507282251]"
32,1.0060948718911036,"[0.004115414610469475, 8.561818626166177]"
33,1.004471984782123,"[0.004084395062693064, 8.428270979862127]"
34,0.993534475205356,"[0.00402168799490416, 11.665486352304047]"
35,1.0574332687097827,"[0.005488116908700294, 9.10774045336142]"
36,1.0411218223144092,"[0.004995871730860175, 8.720855591047272]"
37,1.0156250046218154,"[0.004313688317354543, 8.26440065127574]"
38,1.0161691502526544,"[0.004313688317354543, 8.093667858662585]"
39,1.0123385293967775,"[0.004213661960403252, 7.913168286958431]"
40,1.003292990709484,"[0.004, 7.764232260808639]"
41,1.0487287384134398,"[0.005200539311406354, 8.5739823419543]"
42,1.0010275745418347,"[0.003936725680852678, 7.597998788867643]"
43,1.0173710761110495,"[0.00428200612306553, 7.590008500551473]"
44,1.0613155805583243,"[0.005612071918831133, 10.438473679927476]"
45,1.0221097664428807,"[0.004381895375375346, 7.457475759939705]"
46,0.9832564391907221,"[0.00367971895773315, 9.566866897362841]"
47,0.9617397573966124,"[0.003372410374809497, 9.483375944913622]"
48,0.9622544878431659,"[0.003372410374809497, 9.183262750534368]"
49,1.0107505653893902,"[0.004096347062266643, 7.36117418715371]"
50,1.0076378304983729,"[0.004, 7.190702540216851]"
51,1.0123166152585397,"[0.004068345566214637, 6.994333672956785]"
52,0.9826854162049922,"[0.0035657056287950392, 7.378844959909346]"
53,0.9855311435317708,"[0.0035657056287950392, 7.03195031883969]"
54,0.9858411859065379,"[0.0035657056287950392, 6.841156882719273]"
55,1.0133655913614326,"[0.004068345566214637, 6.760118207106879]"
56,1.0321256503081477,"[0.0045323541366494285, 6.781770714871959]"
57,1.0478588086882732,"[0.004991553663769069, 6.892477687103125]"
58,1.0519851362496055,"[0.005149933323273648, 6.703996580888998]"
59,1.0613327521690417,"[0.005557156684210645, 6.617884690176935]"
60,1.0111158887755431,"[0.004, 6.548889429926219]"
61,1.0562850050531711,"[0.005403587535883251, 8.333006967947048]"
62,1.0171399047173078,"[0.0041178346150497255, 6.387533095889112]"
63,1.0260722764694545,"[0.004313688317354543, 6.216524445012367]"
64,1.0121856629522203,"[0.004, 6.196281389853861]"
65,1.0121040408190158,"[0.004, 5.983767724065229]"
66,1.0008442383537943,"[0.004156072459006852, 11.847419436356045]"
67,1.0157887467036988,"[0.004068345566214637, 5.804040952608398]"
68,1.07354238322021,"[0.006053793974211097, 10.229199095985887]"
69,0.9861398494955668,"[0.003706366542596401, 8.267579605610347]"
70,1.013000174753867,"[0.004, 5.6512560766723965]"
71,1.018407435854671,"[0.004096347062266643, 5.4643886744352965]"
72,0.9832277163787517,"[0.0035032058716878804, 6.416830380782871]"
73,0.9695123917478267,"[0.003389640219293827, 7.635411855054508]"
74,0.9726922021855912,"[0.0035032058716878804, 8.570939798022874]"
75,0.9848990984556851,"[0.0035032058716878804, 6.075793658756777]"
76,0.9858286952222379,"[0.0035032058716878804, 5.783722289016184]"
77,1.0188529528998729,"[0.004096347062266643, 5.307440579853391]"
78,1.0155076017608702,"[0.004, 5.159007345182289]"
79,1.0160814071307638,"[0.004, 4.985094779865638]"
80,1.0182063890160915,"[0.004096347062266643, 4.800360337559278]"
81,1.0145370299141225,"[0.004, 4.663837229526984]"
82,1.0092996877616445,"[0.003845728037937658, 4.4776004900708815]"
83,1.050001937092548,"[0.005069708889930691, 6.297566922871896]"
84,0.9340232463226937,"[0.0030434614835689374, 9.179324575752037]"
85,1.038465529729703,"[0.0046557359766755645, 5.758046616038963]"
86,0.9342384818110258,"[0.0030434614835689374, 9.01045350702178]"
87,0.9348055663908251,"[0.0030434614835689374, 8.842854258748485]"
88,0.9362991533294577,"[0.0030434614835689374, 8.563194782796039]"
89,0.9377703021576064,"[0.0030434614835689374, 8.346668850784216]"
90,0.9452998217405909,"[0.0030434614835689374, 7.6304273651690915]"
91,0.9327658524584878,"[0.0030434614835689374, 9.473488564090745]"
92,0.9412661870092803,"[0.0030434614835689374, 8.038652016941061]"
93,0.9476530850919138,"[0.0030434614835689374, 7.435882633832365]"
94,0.9315678982246444,"[0.0030434614835689374, 9.648198655581137]"
95,0.9301993814266029,"[0.0030434614835689374, 9.825866476734486]"
96,1.0241820107566812,"[0.004271890739025059, 4.739843181336544]"
97,0.9496783435647244,"[0.0030434614835689374, 7.254483423124906]"
98,0.9508919044665423,"[0.0030434614835689374, 7.041175623883942]"
99,1.0142727875769217,"[0.004, 4.316502422290366]"
100,1.007037746743773,"[0.003845728037937658, 5.333052887178216]"
101,1.0086211901793287,"[0.003845728037937658, 4.175316349231561]"
102,1.0137240250004438,"[0.004, 4.045625197808521]"
103,1.0343193242159667,"[0.004568039926383952, 4.379082485748381]"
104,1.0324597808937213,"[0.004587693687189741, 4.0127315059385325]"
105,1.036032063820774,"[0.00463731878760676, 5.019088571703937]"
106,1.0119254485901452,"[0.004, 3.8555708234944186]"
107,1.0110214034132525,"[0.004, 3.7008996331298714]"
108,1.044746335802781,"[0.004995871730860175, 7.613860774922667]"
109,1.0676260038924814,"[0.005812435449307494, 8.266805269266028]"
110,1.0456885792046768,"[0.004995871730860175, 5.340197591668436]"
111,1.0565441247546545,"[0.005391161028805666, 8.01721621047437]"
112,0.9519454094177325,"[0.0030434614835689374, 6.678666897656434]"
113,0.9529649636545543,"[0.0030434614835689374, 6.287708818512472]"
114,0.929399864006652,"[0.0030434614835689374, 9.979347485104833]"
115,0.9282349918192947,"[0.0030434614835689374, 10.123653630811958]"
116,0.9538316730617984,"[0.0030434614835689374, 6.092347195432127]"
117,0.9559628644214527,"[0.0030434614835689374, 5.840267364933267]"
118,0.9574613595757514,"[0.0030434614835689374, 5.586208712021535]"
119,0.9597327496297398,"[0.0030434614835689374, 5.371331608167219]"
120,1.0046900836029016,"[0.003845728037937658, 3.5353639563601544]"
121,0.9616743807093721,"[0.0030434614835689374, 5.253612578569433]"
122,0.9618666011876992,"[0.0030434614835689374, 5.06564949742171]"
123,0.9626801435064829,"[0.0030434614835689374, 4.920564143043497]"
124,0.9633901474568222,"[0.0030434614835689374, 4.794778900855581]"
125,0.9653716506760726,"[0.0030434614835689374, 4.548725882103183]"
126,0.9672746409150458,"[0.0030434614835689374, 4.389419755849303]"
127,0.9691885545533634,"[0.0030434614835689374, 4.2365371197633594]"
128,0.9709313274630565,"[0.0030434614835689374, 3.9934622446700825]"
129,0.9700540688089246,"[0.0030434614835689374, 3.7551073228313854]"
130,0.96978764286137,"[0.0030434614835689374, 3.552296750112]"
131,1.0100157036736281,"[0.004, 3.3789887856650163]"
132,0.9942834274113412,"[0.0040712363604282955, 11.97791344650816]"
133,0.994253307103536,"[0.004086819572061439, 12.14758960327637]"
134,0.9696841497541935,"[0.0030434614835689374, 3.3594192149063966]"
135,0.9682628948025479,"[0.0030434614835689374, 3.1785611189496032]"
136,1.00451872047539,"[0.003845728037937658, 3.223955897007108]"
137,1.0781424788244685,"[0.006229953319492366, 10.014945781305144]"
138,0.9764878070119956,"[0.003845728037937658, 12.24610760759887]"
139,1.0556597395369312,"[0.005391161028805666, 5.809462220606908]"
140,1.0518787289441218,"[0.005391161028805666, 11.730115591813094]"
141,1.0724319788941794,"[0.0059974529502205215, 9.368311563905403]"
142,1.0680995150431225,"[0.0058750257659235545, 7.81437505173141]"
143,1.0392006764478736,"[0.004995871730860175, 11.972944779139766]"
144,1.0452346786009632,"[0.004995871730860175, 4.897996053170505]"
145,1.0577850682876264,"[0.005391161028805666, 7.45439752759163]"
146,0.9864254759455839,"[0.004, 12.367155819948863]"
147,0.9270509265139621,"[0.0030434614835689374, 10.298871150736641]"
148,0.9919629190052636,"[0.004096347062266643, 12.548776734080642]"
149,0.9899457437773197,"[0.00408681957206144, 12.730024935331398]"
150,1.0606197398601966,"[0.005691873899529867, 11.897019452947294]"
151,0.9887323669399496,"[0.00408681957206144, 12.86097917119355]"
152,0.9808688686362207,"[0.004, 13.027318620334409]"
153,0.9857496583953661,"[0.00408681957206144, 13.17151798930721]"
154,0.9778678440216882,"[0.004, 13.324309268784003]"
155,0.9760480314821187,"[0.004, 13.486610242651313]"
156,0.96835532932223,"[0.003695414514149427, 11.803732919969256]"
157,0.979735238862387,"[0.004061075425068743, 13.616608207516931]"
158,0.9258802051982256,"[0.0030434614835689374, 10.45010904712086]"
159,0.9248088459857955,"[0.0030434614835689374, 10.60132196712386]"
160,0.9743266170767796,"[0.004, 13.758780887450866]"
161,0.9586283901858904,"[0.0038092385214992825, 13.823181806578596]"
162,1.0693863590279036,"[0.005979952609928554, 11.795641170380097]"
163,0.972442421584814,"[0.004, 13.926949491501853]"
164,0.9912227358678465,"[0.004270905810624214, 14.03323825128836]"
165,0.9711191816426867,"[0.004, 14.114963335130557]"
166,0.9670387242196704,"[0.0036106725365806867, 11.29725361021873]"
167,1.0343705841734325,"[0.004870900746735602, 12.261858884901832]"
168,1.0702272800093786,"[0.005965629937837478, 11.28577919761537]"
169,0.9956510108522894,"[0.003586467314067307, 5.032230986824584]"
170,0.9515503990603702,"[0.002868527226758821, 4.671288335708449]"
171,1.0269582729920421,"[0.004712329215666673, 12.64899069673366]"
172,1.0566117546922504,"[0.005362598305801339, 7.1429750842893345]"
173,1.0355014394341406,"[0.004699994418414786, 7.328941717448691]"
174,1.0384487176224808,"[0.0050072094416234, 12.826407890333032]"
175,1.042042667289701,"[0.005106294171748793, 12.544521579718893]"
176,1.0369541573273326,"[0.004995871730860175, 13.108704709196424]"
177,1.0360438983404991,"[0.004995871730860175, 13.368371842389788]"
178,0.9699086794695192,"[0.004, 14.274186511228057]"
179,0.9493910811629849,"[0.00351759585408553, 12.308147752755001]"
180,0.9227882280607536,"[0.0030434614835689374, 10.808563107659797]"
181,1.0485887822995403,"[0.005339065360947148, 12.76501704102077]"
182,0.9689475883550073,"[0.004, 14.417423891086504]"
183,0.9752213426560589,"[0.004096347062266643, 14.54919912129286]"
184,0.9364648426690089,"[0.00351759585408553, 13.751255084425948]"
185,0.9391448325149274,"[0.00351759585408553, 13.438365333532651]"
186,0.9461951257093073,"[0.00351759585408553, 12.627587587068604]"
187,0.9433073352121136,"[0.00351759585408553, 13.074627941422584]"
188,0.921519332506089,"[0.0030434614835689374, 10.99785081397755]"
189,1.0491726213260453,"[0.005339065360947148, 12.194307247340602]"
190,1.0066163056910398,"[0.004538748177292008, 14.257562386755442]"
191,1.0472491361309753,"[0.005339065360947148, 13.590712450606286]"
192,1.0481423361960025,"[0.005391161028805666, 13.889277260640283]"
193,1.0307203909322176,"[0.004995871730860175, 14.384645447953808]"
194,1.0735109089180364,"[0.006053793974211097, 8.802174073456248]"
195,1.0797160344713634,"[0.006323423149220844, 11.144707296935803]"
196,1.0844448279589198,"[0.006547831744333703, 9.641571915159954]"
197,1.0762490064030488,"[0.006219733237603607, 8.636830844659444]"
198,0.967512576517655,"[0.004, 14.658009333204856]"
199,0.9193876001140701,"[0.0030434614835689374, 11.184356832104363]"
200,0.9004721824403592,"[0.002868527226758821, 11.26678651083796]"
201,0.9165253251044392,"[0.0030434614835689374, 11.446329050571233]"
202,0.8967685968032035,"[0.002868527226758821, 11.528999680865539]"
203,1.02969948549729,"[0.004995871730860175, 14.587153102690106]"
204,1.0461341031211433,"[0.005391161028805666, 14.65785231989178]"
205,0.966632152565938,"[0.004, 14.822637042319567]"
206,1.0274903027779623,"[0.004995871730860175, 14.876624616290561]"
207,1.042384184097451,"[0.005339065360947148, 15.01600314559278]"
208,1.0753931351878834,"[0.006146253028647113, 10.836755329686415]"
209,0.9388249159302376,"[0.002868527226758821, 6.900077859314468]"
210,0.9240443939564289,"[0.002868527226758821, 8.113543969163977]"
211,0.9449797797952082,"[0.002868527226758821, 5.690098093871041]"
212,0.9108115594989096,"[0.002868527226758821, 10.121634325928246]"
213,0.9280635184340844,"[0.002868527226758821, 7.800272014978972]"
214,0.9919169901446898,"[0.003845728037937658, 10.131421070082942]"
215,1.072198329418084,"[0.00600416309412403, 9.861540464913848]"
216,0.9060165232083959,"[0.0026215925001234954, 7.691349568060463]"
217,0.9121809484803964,"[0.0026215925001234954, 7.352949151953431]"
218,1.041894906086814,"[0.004995871730860175, 8.39608638065364]"
219,0.9130140658006891,"[0.0030434614835689374, 11.725902983145929]"
220,0.9941124959669798,"[0.003845728037937658, 7.98398233796818]"
221,0.9655640090790026,"[0.004, 14.973811220170504]"
222,0.8981073947914685,"[0.0026215925001234954, 8.197449268548755]"
223,0.9156451904551385,"[0.0026215925001234954, 6.998103083120802]"
224,0.9241724495422633,"[0.0026215925001234954, 5.780004485206846]"
225,0.9172050410210734,"[0.002868527226758821, 9.25880756387733]"
226,0.9407464876006834,"[0.002868527226758821, 6.473521477135238]"
227,0.9591499283127621,"[0.002868527226758821, 3.0689307389028944]"
228,0.9170131370652349,"[0.0026215925001234954, 6.632783835581314]"
229,1.0470991420265863,"[0.004995871730860175, 7.175536506049835]"
230,1.0409899832885556,"[0.004995871730860175, 9.413783536260862]"
231,1.0727871989852247,"[0.00600416309412403, 9.050285898937872]"
232,0.9150888943072472,"[0.002868527226758821, 9.64320443944935]"
233,0.8932978936423073,"[0.0026215925001234954, 9.252603549229686]"
234,0.9114123445744754,"[0.0030434614835689374, 11.873923232342996]"
235,0.9087021128619746,"[0.0030434614835689374, 12.07457833692629]"
236,1.0711424487710024,"[0.00600416309412403, 8.222035672900512]"
237,0.8913064064335644,"[0.0026215925001234954, 9.589180564631352]"
238,0.9034633331562373,"[0.002868527226758821, 11.028349603050618]"
239,0.907461944808197,"[0.0030434614835689374, 12.17986052369429]"
240,0.8910973687579015,"[0.002868527226758821, 11.974229085050062]"
241,0.9063824548008181,"[0.0030434614835689374, 12.279940689909607]"
242,0.9039667592557459,"[0.0030434614835689374, 12.513429033756719]"
243,0.8854298816838783,"[0.002868527226758821, 12.439795453236435]"
244,1.0895541623568739,"[0.006733604270821831, 10.944493216027208]"
245,0.9273372096802864,"[0.0034255838423534572, 13.901983810188039]"
246,0.9643545121549802,"[0.004, 15.149998982738644]"
247,0.963126127128939,"[0.004, 15.308625037482601]"
248,0.9822153440732138,"[0.004288070254096695, 15.435797041760576]"
249,0.9682498924026616,"[0.004096347062266643, 15.540018095938368]"
250,0.9601469047353469,"[0.004, 15.648338899080295]"
251,0.9804057654446034,"[0.004288070254096695, 15.691613552616886]"
252,0.9793492137503013,"[0.004288070254096695, 15.85346795852528]"
253,0.9578460224486818,"[0.004, 15.902264014322093]"
254,1.0478620897750381,"[0.005339065360947148, 13.14713136939339]"
255,0.925038707896352,"[0.0034255838423534572, 14.141012401759916]"
256,1.0457136717693158,"[0.005339065360947148, 14.295988144854851]"
257,1.0925179038892925,"[0.00685135304363238, 11.39332361628895]"
258,0.9023732479630991,"[0.0030434614835689374, 12.665079099082423]"
259,0.8828516919797771,"[0.002868527226758821, 12.736857164076275]"
260,0.8999449609206595,"[0.0030434614835689374, 12.945183500754062]"
261,0.9425000042233702,"[0.0038274302972678403, 16.017369499682754]"
262,0.8984044287461709,"[0.0030434614835689374, 13.135333560791295]"
263,1.042043315691957,"[0.005339065360947148, 15.281955393059944]"
264,1.0746261523137195,"[0.006187289805012949, 12.20529315398317]"
265,0.8967766014730134,"[0.0030434614835689374, 13.312579810107879]"
266,0.8931961503867694,"[0.0030434614835689374, 13.522151746578412]"
267,0.9953548407942239,"[0.0035098082659751097, 4.00416031757731]"
268,0.9587313576333912,"[0.002868527226758821, 4.1078014517869965]"
269,1.063081229295189,"[0.005856034281058997, 13.064097523979843]"
270,1.0617279073040136,"[0.005856034281058997, 14.351071771982415]"
271,1.0625068665075068,"[0.005856034281058997, 13.53777715253333]"
272,1.0981425234078277,"[0.007188277905440044, 11.264121728821516]"
273,1.091590070427351,"[0.006870724701052109, 10.577547076886548]"
274,0.8899780599991919,"[0.0030434614835689374, 13.738963342698902]"
275,1.0931393432136143,"[0.0068796096140411895, 11.838205950858962]"
276,0.967841459679425,"[0.0030434614835689374, 2.9342262669743464]"
277,0.9453229374762924,"[0.00264143274183732, 2.9394579479342497]"
278,0.9581003209180515,"[0.002868527226758821, 2.7682144040971046]"
279,0.9639023070097711,"[0.0030434614835689374, 2.6280160644464643]"
280,0.9425301934024384,"[0.00264143274183732, 3.3446697289019003]"
281,0.930620538925958,"[0.00264143274183732, 5.255871130247154]"
282,0.9546902849533625,"[0.002868527226758821, 2.5176677109267898]"
283,1.0101640397073846,"[0.004, 3.116084782147649]"
284,1.0024634328329736,"[0.003845728037937658, 2.8319988172082264]"
285,1.0071114285238258,"[0.004, 2.661156877788115]"
286,1.0047899655443746,"[0.004687634255227811, 15.924449730699887]"
287,0.942984759900067,"[0.003845728037937658, 16.144590919512734]"
288,0.9553609801516075,"[0.004, 16.237569775525433]"
289,0.9541108357839644,"[0.004, 16.386248885745857]"
290,0.9687383238929106,"[0.004213661960403252, 16.508300656094853]"
291,0.9524674823627819,"[0.004, 16.59203123503223]"
292,0.9508814507380997,"[0.004, 16.711523933104733]"
293,0.9662450440239538,"[0.004213661960403252, 16.764159838495306]"
294,0.9650551712484344,"[0.004213661960403252, 16.888420774621647]"
295,1.0066787017559498,"[0.004687634255227811, 15.524483071150144]"
296,1.0202337688180412,"[0.004687634255227811, 13.649754035322584]"
297,1.0677076618464627,"[0.0058646302932131526, 7.58890338666328]"
298,1.0059313571824946,"[0.004, 2.496233372167932]"
299,1.0141277350102413,"[0.004213661960403252, 2.3590686523446243]"
300,1.0161432180983994,"[0.004213661960403252, 2.7744877830679657]"
301,1.0396941567224685,"[0.004687634255227811, 6.033560406062695]"
302,1.052055829709841,"[0.005446258610232327, 12.525779905341572]"
303,1.0564959058789638,"[0.005446258610232327, 8.89686576585373]"
304,1.0581816680618712,"[0.005574039284480141, 11.55936217879819]"
305,1.0341689626655155,"[0.004733978127831981, 7.810186687790847]"
306,0.9623756665460914,"[0.0030434614835689374, 2.3721930945120286]"
307,1.0543943103033768,"[0.005391161028805666, 9.41059946259553]"
308,1.0544361911131017,"[0.005391161028805666, 9.905868036730457]"
309,1.0527158327766717,"[0.005391161028805666, 11.347613690864634]"
310,0.9068976390945508,"[0.002868527226758821, 10.65536220253424]"
311,1.0548424573791633,"[0.005391161028805666, 10.3019782814115]"
312,1.041016742200912,"[0.004733978127831981, 6.474098769112494]"
313,1.0401885001486817,"[0.004733978127831981, 5.5909154962582885]"
314,1.0578318612635869,"[0.005391161028805666, 7.654649220964592]"
315,1.0535890067794207,"[0.005391161028805666, 11.04872001427372]"
316,1.0327562069102771,"[0.004733978127831981, 8.162286920621563]"
317,0.9201446965491239,"[0.002868527226758821, 8.502617214100923]"
318,0.8714730749631663,"[0.002868527226758821, 13.530967518083653]"
319,0.9189208430627661,"[0.002868527226758821, 8.723662675176026]"
320,1.0573180981388095,"[0.005391161028805666, 7.827105986993775]"
321,1.0292422755229065,"[0.004733978127831981, 12.081942264920526]"
322,0.9633065376745478,"[0.004213661960403252, 17.035632477949605]"
323,1.0242670617786596,"[0.004733978127831981, 13.399181545947492]"
324,0.8871569901579754,"[0.0030434614835689374, 13.955827443929273]"
325,1.0498129199599042,"[0.005391161028805666, 12.954543741640766]"
326,1.0128205799449228,"[0.004733978127831981, 14.96658686297594]"
327,1.0192083284320295,"[0.004733978127831981, 14.03320513259009]"
328,1.0477399865159014,"[0.005391161028805666, 14.114906725345094]"
329,1.0304634076914587,"[0.004733978127831981, 11.343612278511344]"
330,0.8850882354902836,"[0.0030434614835689374, 14.134620401105478]"
331,0.8834458494356944,"[0.0030434614835689374, 14.26607780132156]"
332,1.0491372656115405,"[0.005391161028805666, 13.429700190809564]"
333,1.0645985097253243,"[0.005751066144685322, 10.992272898483181]"
334,1.0394210211283257,"[0.004995871730860175, 11.83163414457551]"
335,1.0082895446274673,"[0.004096347062266643, 2.1804613315639063]"
336,0.9599054981539377,"[0.0030434614835689374, 2.2204879011717136]"
337,0.9472842858318601,"[0.002868527226758821, 2.105104873879189]"
338,0.9965299822940755,"[0.003845728037937658, 2.1185731444564873]"
339,0.9544322311289839,"[0.0030434614835689374, 1.9662782233418863]"
340,0.9515418737414816,"[0.0027704529665196365, 3.8852535587639934]"
341,0.9492827632103897,"[0.0027704529665196365, 4.2747341287846]"
342,0.939354789647535,"[0.0027704529665196365, 1.9741015671421853]"
343,0.9511967550834859,"[0.0030434614835689374, 1.8125722535793667]"
344,0.9390554984127896,"[0.002868527226758821, 1.7346698181200342]"
345,0.9463828655846873,"[0.0030434614835689374, 1.6566368228626653]"
346,1.090253457825244,"[0.006823113016425129, 10.041162461105264]"
347,1.082991885538872,"[0.006491470947504855, 9.329550025201957]"
348,1.0687258876038437,"[0.005898193543354096, 8.056540300866883]"
349,0.9353558802336777,"[0.0027838558793454125, 6.1610298443313445]"
350,0.8787850175875209,"[0.002868527226758821, 13.078744499822205]"
351,1.027281043665523,"[0.004343745981621773, 5.1712185559011195]"
352,1.0441522457578252,"[0.0048536910712576875, 5.815325997460061]"
353,0.9429260946914964,"[0.0027704529665196365, 4.850865166475915]"
354,0.9510958746796885,"[0.0027704529665196365, 3.6437446343286246]"
355,0.9313856025765234,"[0.002868527226758821, 1.5349017025108367]"
356,0.9266226366829259,"[0.002868527226758821, 1.4270156260035698]"
357,0.9169261425720778,"[0.0027838558793454125, 1.3391195643862694]"
358,0.9110251033688349,"[0.0027704529665196365, 1.2425888795671054]"
359,0.9057553024614402,"[0.0027704529665196365, 1.1449918586672547]"
360,1.013645989771444,"[0.004096347062266643, 3.582923324723014]"
361,1.084555326019091,"[0.006729479041558538, 8.397212381805437]"
362,1.0661090313895472,"[0.005837004401577427, 5.80667712117854]"
363,1.0926394575376328,"[0.007226928779003801, 8.508944282506567]"
364,1.0540111910759502,"[0.005339065360947148, 4.673507489605017]"
365,1.0656937705311842,"[0.005837004401577427, 5.356582011400285]"
366,1.0544169543649868,"[0.005339065360947148, 4.244450417215145]"
367,1.066200124984465,"[0.005837004401577427, 4.854705145888114]"
368,1.0676716210483452,"[0.005837004401577427, 6.770501614303173]"
369,1.0540315864489165,"[0.005339065360947148, 3.949295015147678]"
370,1.0721153867428743,"[0.006053793974211097, 7.2657294859327894]"
371,1.0540403884988603,"[0.005339065360947148, 3.687316730521693]"
372,1.066740148168616,"[0.005837004401577427, 4.26119482722883]"
373,1.0663709851677694,"[0.005837004401577427, 6.150729155301891]"
374,1.077696949321536,"[0.006323423149220844, 7.728667179149458]"
375,1.0063383587562074,"[0.004096347062266643, 1.9576745181068647]"
376,1.0234578219623565,"[0.004995871730860175, 15.696173839280183]"
377,1.020899850416634,"[0.004995871730860175, 16.13227157751143]"
378,1.0194347172187779,"[0.004995871730860175, 16.39409546421487]"
379,1.0177666407672925,"[0.004995871730860175, 16.615006942364925]"
380,1.0752598132468332,"[0.006163991048091806, 11.551320350993254]"
381,0.9295128593298326,"[0.0030434614835689374, 1.233153703829351]"
382,0.9916650231087291,"[0.003845728037937658, 1.726852584886424]"
383,0.919571004807843,"[0.003039151346401878, 1.049225153407007]"
384,0.9892051611353917,"[0.003845728037937658, 1.5884406557480961]"
385,0.911259005680172,"[0.0030434614835689374, 0.9303927265425758]"
386,1.0177310600321827,"[0.004213661960403252, 3.194496881652302]"
387,0.9021304226229437,"[0.0030434614835689374, 0.8313111628782274]"
388,0.8945952238615039,"[0.002622235481852758, 8.79839433196479]"
389,0.9862117424633489,"[0.003845728037937658, 1.4476080978257668]"
390,0.9825036589010661,"[0.003845728037937658, 1.271267380520981]"
391,0.9978022630364186,"[0.004, 10.781322421571474]"
392,1.0425762362642599,"[0.004995871730860175, 8.168888780475282]"
393,0.9156218561444833,"[0.0025440581138028422, 6.030802275116074]"
394,0.9772237776385188,"[0.0036083974309079093, 9.837807338599173]"
395,0.927085167806732,"[0.0025440581138028422, 4.534408782927922]"
396,0.9798364708873,"[0.0036083974309079093, 8.882547080155272]"
397,0.9716052070866599,"[0.0036083974309079093, 10.817747844718104]"
398,0.887996358058708,"[0.002644920473948878, 10.144918040222096]"
399,1.0337195465302793,"[0.004755530831837179, 9.779977658842407]"
400,0.9904585159822462,"[0.003845728037937658, 10.423254790394472]"
401,1.102141769073254,"[0.007503809254288788, 11.170239276972444]"
402,1.0423307421256214,"[0.004995871730860175, 10.405289222897693]"
403,1.0419516134111022,"[0.004995871730860175, 9.93022655023995]"
404,0.9972976099680728,"[0.00408681957206144, 1.2844331330206682]"
405,1.0009813462901753,"[0.00408681957206144, 1.5341090385810219]"
406,1.0452558033657953,"[0.004995871730860175, 4.7912207954598385]"
407,0.9946077359177709,"[0.00408681957206144, 1.1430623240448412]"
408,0.9726217183964891,"[0.003845728037937658, 0.948993676520538]"
409,0.9646583248176847,"[0.003845728037937658, 0.7718815962468122]"
410,0.8865572549544274,"[0.002525772746219455, 8.48575826930918]"
411,1.0505399087862366,"[0.005391161028805666, 12.337505930656388]"
412,1.0726645057389659,"[0.006056731246722071, 6.728985190236843]"
413,1.070539209808394,"[0.005936910106418102, 9.51497141296149]"
414,0.9539328459673322,"[0.0033662645983372173, 10.611379712367778]"
415,0.8983131984529763,"[0.0023506459695540882, 5.820472826735964]"
416,1.077563854571693,"[0.006323423149220844, 4.711113632175131]"
417,1.0766988124020282,"[0.006323423149220844, 6.0990375346758565]"
418,1.0574787390454614,"[0.005446258610232327, 3.3890440964182593]"
419,1.0951310346193308,"[0.007278254285943909, 9.665726492072647]"
420,1.0767815165512042,"[0.006323423149220844, 12.873666735874734]"
421,1.0752488302432845,"[0.006323423149220844, 13.812353889499438]"
422,1.098855121716918,"[0.007368241976194903, 10.565268051329578]"
423,1.0676719287032803,"[0.005837004401577427, 3.627374460144104]"
424,1.0768525503521191,"[0.006323423149220844, 5.527592049534851]"
425,1.091048218565572,"[0.0071443847164602056, 8.27881232663394]"
426,0.9962969988918176,"[0.004213661960403252, 0.8459294389691658]"
427,0.9181726485828271,"[0.0023506459695540882, 3.4604528333087803]"
428,1.0741679931931511,"[0.006130190054551872, 4.0710275368559685]"
429,0.923378814796084,"[0.0023506459695540882, 2.8642004438865305]"
430,1.0658415718783607,"[0.005837004401577427, 5.117986182121341]"
431,1.0564840345545286,"[0.005391161028805666, 3.0404845107112366]"
432,1.0574514517720788,"[0.005391161028805666, 2.7267858287719244]"
433,1.0751916473738155,"[0.006053793974211097, 3.1914204588064994]"
434,1.0868836727933364,"[0.006532768395861884, 3.4111584614366914]"
435,1.0445298885051852,"[0.004995871730860175, 2.39455137086916]"
436,1.072979517165954,"[0.005837004401577427, 2.562347849388538]"
437,1.0602869574600278,"[0.005391161028805666, 2.1648363739091643]"
438,1.0458531398865663,"[0.004995871730860175, 1.9371966614649767]"
439,1.0661132136633868,"[0.005446258610232327, 1.780444433669591]"
440,1.069953246763945,"[0.005446258610232327, 1.4543094907437961]"
441,1.0504482028644657,"[0.004995871730860175, 1.0987786570862454]"
442,1.05244050120317,"[0.004995871730860175, 0.8209719334367804]"
443,1.090422318958465,"[0.007080244244328236, 7.755911653294522]"
444,1.083368534649689,"[0.006635794311945176, 7.316555745937531]"
445,1.0755658892483944,"[0.005391161028805666, 1.0100321586147563]"
446,1.044101808785631,"[0.004995871730860175, 0.5763318324159213]"
447,1.059242050374632,"[0.005391161028805666, 0.5074365380209737]"
448,1.0963418649180097,"[0.005837004401577427, 1.1678387409785644]"
449,0.9526736719099627,"[0.004995871730860175, 0.3507120768583061]"
450,1.0823590498446667,"[0.005837004401577427, 1.790490748725981]"
451,1.099078456672427,"[0.007636461494593625, 7.742387454989001]"
452,1.1151195668354188,"[0.006053793974211097, 0.6951324883070327]"
453,1.0850023566816123,"[0.0067053581234152605, 6.505411128145183]"
454,1.0604484947055803,"[0.005837004401577427, 15.066744246397526]"
455,0.922376600870303,"[0.0023506459695540882, 2.6187131762011475]"
456,0.9118438816594843,"[0.0023506459695540882, 4.339815879178246]"
457,0.9162521081817542,"[0.0023506459695540882, 3.8852535587639934]"
458,0.9035672338122039,"[0.0023506459695540882, 5.34726941778774]"
459,1.0347014458565809,"[0.00471191913000845, 3.1759369843543848]"
460,0.9187281463893955,"[0.0023137714673377423, 2.4610838076898935]"
461,0.9330482640340152,"[0.003580078409573138, 0.6333321585634653]"
462,1.0769282848374335,"[0.005837004401577427, 2.16424599019527]"
463,0.9084608450488466,"[0.0023506459695540882, 4.728900591668947]"
464,0.8938310294886863,"[0.0023506459695540882, 6.137046149024372]"
465,0.8873239670264068,"[0.0023506459695540882, 6.684337856595895]"
466,1.0782233887773462,"[0.006323423149220844, 7.00776479867596]"
467,1.1027910625912851,"[0.006508194702470476, 2.050581108991388]"
468,1.0803495062566193,"[0.006323423149220844, 10.427301269775723]"
469,0.9650582330634886,"[0.004, 0.5527269539802306]"
470,1.1142372454230576,"[0.006233831445030993, 1.239488529197172]"
471,0.9304659798468008,"[0.004, 0.39987893551860076]"
472,0.9181372990094453,"[0.0023506459695540882, 2.186255158981883]"
473,1.044024379938719,"[0.004995871730860175, 3.7102134016317603]"
474,1.0592814050209243,"[0.005837004401577427, 15.46619493616384]"
475,1.0424654717396293,"[0.005446258610232327, 16.2666605408152]"
476,1.077209339316169,"[0.006323423149220844, 12.62683340872735]"
477,1.0484883969367762,"[0.004995871730860175, 1.3610680992494553]"
478,1.067668367556205,"[0.005837004401577427, 6.478888496949766]"
479,1.0594937026790356,"[0.005894673987551875, 16.032494853663724]"
480,1.0874369438150182,"[0.006791089402783457, 13.723587090467017]"
481,0.9068168896397028,"[0.0023506459695540882, 5.033285238342782]"
482,1.0930093599352972,"[0.007235248871517851, 8.975064055546376]"
483,1.0927793974597058,"[0.007000742722435621, 13.2988016603245]"
484,1.0156974350322876,"[0.004995871730860175, 16.904789424726374]"
485,1.0191725569103733,"[0.005071878479882242, 17.070374438971378]"
486,0.9462138795515538,"[0.004, 17.137716226463414]"
487,1.0175623601940733,"[0.005071878479882242, 17.29003444083024]"
488,1.0123298394148097,"[0.004995871730860175, 17.462246905766456]"
489,1.0413982944032667,"[0.00552723705113901, 17.081906274164773]"
490,1.011187880946867,"[0.004995871730860175, 17.636410314668222]"
491,1.0981063782500193,"[0.007232835208805962, 13.130265629124878]"
492,1.098593825625178,"[0.007498087658601167, 9.934988931150473]"
493,1.0100851484727702,"[0.004995871730860175, 17.774998443059488]"
494,1.0384094689047871,"[0.005391161028805666, 16.6265969015061]"
495,1.0621526330900455,"[0.006053793974211097, 16.72156843486045]"
496,1.0745406481396294,"[0.006323423149220844, 14.907059826437804]"
497,1.0882170135681084,"[0.006935586468672093, 8.690391158814661]"
498,1.0895862401230076,"[0.006935586468672093, 9.414446740233405]"
499,1.094605094066445,"[0.007365036251011162, 8.18384650264498]"
